learning,Learning,Learn
learning,Training,train
learning,Specialization
learning,Certificate
learning,Course
learning,Degree
learning,MasterTrack
learning,Program
professionalcertificate,IT support,technical support
professionalcertificate,customer engagement,customer care,customer support
professionalcertificate,data science,ibm,data analysis,data engineering
professionalcertificate,entrepreneurship,innovation management,entrepreneur,business development,mba
professionalcertificate,project management
